Project_Name,Sample_Name,Sample_ID,Extracted_DNA_ng/ul,PCR_Run_ID,DNA_plate_ID,DNA_Well_Position,"ul extracted DNA in PCR",Dilution_from_Original,PCR_Well_Position,ngDNA_PCR,Polymerase,DNA_index_ID_forward,DNA_index_ID_reverse,PCR_Notes,PCR_concentration,Sequenced?,Sequencing_Run_ID,SummedReads
LISS,BP001M,BP001M,46.9,RID001390,LISSplate2,A01,1,1,B06,46.9,"GoTac Polymerase",EMP.v4.SA502,EMP.v4.SA706,,0,yes,SID2413,16420
LISS,BP001M,BP001M,46.9,RID001390,LISSplate2,A01,1,1,B06,46.9,"GoTac Polymerase",EMP.v4.SA502,EMP.v4.SA706,,0,yes,SID2419,16420
LISS,BP002M,BP002M,16.9,RID001390,LISSplate2,A02,2,1,F06,33.8,"GoTac Polymerase",EMP.v4.SA506,EMP.v4.SA706,,0,yes,SID2413,9250
LISS,BP002M,BP002M,16.9,RID001390,LISSplate2,A02,2,1,F06,33.8,"GoTac Polymerase",EMP.v4.SA506,EMP.v4.SA706,,0,yes,SID2419,9250
LISS,BP002M,BP002M,16.9,RID001409,LISSplate2,A02,6,1,F01,101.4,"GoTaq Polymerase",EMP.v4.SB506,EMP.v4.SB708,,0,yes,SID2421,9250
LISS,BP003M,BP003M,40.5,RID001390,LISSplate2,A03,1,1,B07,40.5,"GoTac Polymerase",EMP.v4.SA502,EMP.v4.SA707,,0,yes,SID2413,14647
LISS,BP003M,BP003M,40.5,RID001390,LISSplate2,A03,1,1,B07,40.5,"GoTac Polymerase",EMP.v4.SA502,EMP.v4.SA707,,0,yes,SID2419,14647
LISS,BP004M,BP004M,42,RID001390,LISSplate2,A04,1,1,F07,42,"GoTac Polymerase",EMP.v4.SA506,EMP.v4.SA707,,0,yes,SID2413,10073
LISS,BP004M,BP004M,42,RID001390,LISSplate2,A04,1,1,F07,42,"GoTac Polymerase",EMP.v4.SA506,EMP.v4.SA707,,0,yes,SID2419,10073
LISS,BP004M,BP004M,42,RID001409,LISSplate2,A04,6,1,G01,252,"GoTaq Polymerase",EMP.v4.SB507,EMP.v4.SB708,,0,yes,SID2421,10073
LISS,BP005M,BP005M,58.5,RID001390,LISSplate2,A05,1,1,B08,58.5,"GoTac Polymerase",EMP.v4.SA502,EMP.v4.SA708,,0.85,yes,SID2413,84679
LISS,BP006M,BP006M,21.9,RID001390,LISSplate2,A06,1,1,F08,21.9,"GoTac Polymerase",EMP.v4.SA506,EMP.v4.SA708,,0,yes,SID2413,13329
LISS,BP006M,BP006M,21.9,RID001390,LISSplate2,A06,1,1,F08,21.9,"GoTac Polymerase",EMP.v4.SA506,EMP.v4.SA708,,0,yes,SID2419,13329
LISS,BP007M,BP007M,30.3,RID001390,LISSplate2,A07,1,1,A09,30.3,"GoTac Polymerase",EMP.v4.SA501,EMP.v4.SA709,,0,yes,SID2413,14618
LISS,BP008M,BP008M,35.4,RID001390,LISSplate2,A08,1,1,D09,35.4,"GoTac Polymerase",EMP.v4.SA504,EMP.v4.SA709,,0,yes,SID2413,19971
LISS,BP009M,BP009M,33.8,RID001390,LISSplate2,A09,1,1,G09,33.8,"GoTac Polymerase",EMP.v4.SA507,EMP.v4.SA709,,0,yes,SID2413,43281
LISS,BP010M,BP010M,26.2,RID001390,LISSplate2,A10,1,1,B10,26.2,"GoTac Polymerase",EMP.v4.SA502,EMP.v4.SA710,,0.03,yes,SID2413,10914
LISS,BP011M,BP011M,26.6,RID001390,LISSplate2,A11,1,1,E10,26.6,"GoTac Polymerase",EMP.v4.SA505,EMP.v4.SA710,,0,yes,SID2413,9630
LISS,BP011M,BP011M,26.6,RID001390,LISSplate2,A11,1,1,E10,26.6,"GoTac Polymerase",EMP.v4.SA505,EMP.v4.SA710,,0,yes,SID2419,9630
LISS,BP011M,BP011M,26.6,RID001409,LISSplate2,A11,6,1,H01,159.6,"GoTaq Polymerase",EMP.v4.SB508,EMP.v4.SB708,,0,yes,SID2421,9630
LISS,BP012M,BP012M,35.1,RID001390,LISSplate2,A12,1,1,H10,35.1,"GoTac Polymerase",EMP.v4.SA508,EMP.v4.SA710,,0,yes,SID2419,11439
LISS,BP012M,BP012M,35.1,RID001390,LISSplate2,A12,1,1,H10,35.1,"GoTac Polymerase",EMP.v4.SA508,EMP.v4.SA710,,0,yes,SID2413,11439
LISS,BP013M,BP013M,29.5,RID001390,LISSplate2,B01,1,1,C06,29.5,"GoTac Polymerase",EMP.v4.SA503,EMP.v4.SA706,,0,yes,SID2413,18646
LISS,BP014M,BP014M,14.5,RID001390,LISSplate2,B02,2,1,G06,29,"GoTac Polymerase",EMP.v4.SA507,EMP.v4.SA706,,0,yes,SID2413,24088
LISS,BP015M,BP015M,21.4,RID001390,LISSplate2,B03,1,1,C07,21.4,"GoTac Polymerase",EMP.v4.SA503,EMP.v4.SA707,,0,yes,SID2413,12841
LISS,BP015M,BP015M,21.4,RID001390,LISSplate2,B03,1,1,C07,21.4,"GoTac Polymerase",EMP.v4.SA503,EMP.v4.SA707,,0,yes,SID2419,12841
LISS,BP016M,BP016M,38.3,RID001390,LISSplate2,B04,1,1,G07,38.3,"GoTac Polymerase",EMP.v4.SA507,EMP.v4.SA707,,0,yes,SID2413,51538
LISS,BP017M,BP017M,36.4,RID001390,LISSplate2,B05,1,1,C08,36.4,"GoTac Polymerase",EMP.v4.SA503,EMP.v4.SA708,,0.55,yes,SID2413,100939
LISS,BP018M,BP018M,26.4,RID001390,LISSplate2,B06,1,1,G08,26.4,"GoTac Polymerase",EMP.v4.SA507,EMP.v4.SA708,,0,yes,SID2413,36341
LISS,BP019M,BP019M,42.6,RID001390,LISSplate2,B07,1,1,B09,42.6,"GoTac Polymerase",EMP.v4.SA502,EMP.v4.SA709,,0.05,yes,SID2413,56679
LISS,BP020M,BP020M,30.4,RID001390,LISSplate2,B08,1,1,E09,30.4,"GoTac Polymerase",EMP.v4.SA505,EMP.v4.SA709,,0,yes,SID2413,31432
LISS,GR001M,GR001M,48.1,RID001390,LISSplate1,B09,1,1,G04,48.1,"GoTac Polymerase",EMP.v4.SA507,EMP.v4.SA704,,0,yes,SID2413,39358
LISS,GR002M,GR002M,16.5,RID001390,LISSplate1,B10,2,1,B05,33,"GoTac Polymerase",EMP.v4.SA502,EMP.v4.SA705,,0.2,yes,SID2413,52882
LISS,GR003M,GR003M,19.5,RID001390,LISSplate1,B11,2,1,E05,39,"GoTac Polymerase",EMP.v4.SA505,EMP.v4.SA705,,0,yes,SID2413,11563
LISS,GR003M,GR003M,19.5,RID001390,LISSplate1,B11,2,1,E05,39,"GoTac Polymerase",EMP.v4.SA505,EMP.v4.SA705,,0,yes,SID2419,11563
LISS,GR004M,GR004M,49,RID001390,LISSplate1,B12,1,1,H05,49,"GoTac Polymerase",EMP.v4.SA508,EMP.v4.SA705,,0,yes,SID2413,12978
LISS,GR005M,GR005M,15.9,RID001390,LISSplate1,C01,2,1,C01,31.8,"GoTac Polymerase",EMP.v4.SA503,EMP.v4.SA701,,0,yes,SID2413,25068
LISS,GR006M,GR006M,26.4,RID001390,LISSplate1,C02,1,1,G01,26.4,"GoTac Polymerase",EMP.v4.SA507,EMP.v4.SA701,,0.14,yes,SID2413,63139
LISS,GR007M,GR007M,11.6,RID001390,LISSplate1,C03,3,1,C02,34.8,"GoTac Polymerase",EMP.v4.SA503,EMP.v4.SA702,,0,yes,SID2413,16914
LISS,GR008M,GR008M,27,RID001390,LISSplate1,C04,1,1,G02,27,"GoTac Polymerase",EMP.v4.SA507,EMP.v4.SA702,,0.03,yes,SID2413,70512
LISS,GR009M,GR009M,43.4,RID001390,LISSplate1,C05,1,1,C03,43.4,"GoTac Polymerase",EMP.v4.SA503,EMP.v4.SA703,,0,yes,SID2413,20029
LISS,GR010M,GR010M,33.4,RID001390,LISSplate1,C06,1,1,G03,33.4,"GoTac Polymerase",EMP.v4.SA507,EMP.v4.SA703,,0,yes,SID2413,36960
LISS,GR011M,GR011M,19.5,RID001390,LISSplate1,C07,2,1,B04,39,"GoTac Polymerase",EMP.v4.SA502,EMP.v4.SA704,,0,yes,SID2413,45988
LISS,GR012M,GR012M,2.6,RID001390,LISSplate1,C08,6,1,E04,15.6,"GoTac Polymerase",EMP.v4.SA505,EMP.v4.SA704,,0,yes,SID2413,8219
LISS,GR012M,GR012M,2.6,RID001390,LISSplate1,C08,6,1,E04,15.6,"GoTac Polymerase",EMP.v4.SA505,EMP.v4.SA704,,0,yes,SID2419,8219
LISS,GR012M,GR012M,2.6,RID001409,LISSplate1,C08,6,1,D01,15.6,"GoTaq Polymerase",EMP.v4.SB504,EMP.v4.SB708,,0,yes,SID2421,8219
LISS,GR013M,GR013M,47.3,RID001390,LISSplate1,C09,1,1,H04,47.3,"GoTac Polymerase",EMP.v4.SA508,EMP.v4.SA704,,0,yes,SID2413,11688
LISS,GR014M,GR014M,35.4,RID001390,LISSplate1,C10,1,1,C05,35.4,"GoTac Polymerase",EMP.v4.SA503,EMP.v4.SA705,,0.5,yes,SID2413,148382
LISS,GR015M,GR015M,25.5,RID001390,LISSplate1,C11,1,1,F05,25.5,"GoTac Polymerase",EMP.v4.SA506,EMP.v4.SA705,,0,yes,SID2413,10158
LISS,GR015M,GR015M,25.5,RID001390,LISSplate1,C11,1,1,F05,25.5,"GoTac Polymerase",EMP.v4.SA506,EMP.v4.SA705,,0,yes,SID2419,10158
LISS,GR015M,GR015M,25.5,RID001409,LISSplate1,C11,6,1,E01,153,"GoTaq Polymerase",EMP.v4.SB505,EMP.v4.SB708,,0,yes,SID2421,10158
LISS,GR016M,GR016M,31.8,RID001390,LISSplate1,C12,1,1,A06,31.8,"GoTac Polymerase",EMP.v4.SA501,EMP.v4.SA706,,0.09,yes,SID2413,66640
LISS,GR017M,GR017M,35.1,RID001390,LISSplate1,D01,1,1,D01,35.1,"GoTac Polymerase",EMP.v4.SA504,EMP.v4.SA701,,0,yes,SID2413,55365
LISS,GR018M,GR018M,20.7,RID001390,LISSplate1,D02,1,1,H01,20.7,"GoTac Polymerase",EMP.v4.SA508,EMP.v4.SA701,,0,yes,SID2413,33879
LISS,GR019M,GR019M,14.3,RID001390,LISSplate1,D03,2,1,D02,28.6,"GoTac Polymerase",EMP.v4.SA504,EMP.v4.SA702,,0,yes,SID2413,26572
LISS,GR020M,GR020M,20.3,RID001390,LISSplate1,D04,2,1,H02,40.6,"GoTac Polymerase",EMP.v4.SA508,EMP.v4.SA702,,0,yes,SID2413,29120
LISS,lissNTCplate1,lissNTCplate1,0.2,RID001390,LISSplate1,D05,6,1,D03,1.2,"GoTac Polymerase",EMP.v4.SA504,EMP.v4.SA703,,0,yes,SID2413,3397
LISS,lissNTCplate1,lissNTCplate1,0.2,RID001390,LISSplate1,D05,6,1,D03,1.2,"GoTac Polymerase",EMP.v4.SA504,EMP.v4.SA703,,0,yes,SID2419,3397
LISS,lissNTCplate2,lissNTCplate2,3.5,RID001390,LISSplate2,D05,6,1,E08,21,"GoTac Polymerase",EMP.v4.SA505,EMP.v4.SA708,,0,yes,SID2413,12558
LISS,lissNTCplate2,lissNTCplate2,3.5,RID001390,LISSplate2,D05,6,1,E08,21,"GoTac Polymerase",EMP.v4.SA505,EMP.v4.SA708,,0,yes,SID2419,12558
LISS,ST001M,ST001M,5.7,RID001390,LISSplate2,B09,5,1,H09,28.5,"GoTac Polymerase",EMP.v4.SA508,EMP.v4.SA709,,0,yes,SID2413,8102
LISS,ST001M,ST001M,5.7,RID001390,LISSplate2,B09,5,1,H09,28.5,"GoTac Polymerase",EMP.v4.SA508,EMP.v4.SA709,,0,yes,SID2419,8102
LISS,ST001M,ST001M,5.7,RID001409,LISSplate2,B09,6,1,A02,34.2,"GoTaq Polymerase",EMP.v4.SB501,EMP.v4.SB709,,0.03,yes,SID2421,8102
LISS,ST002M,ST002M,56.4,RID001390,LISSplate2,B10,1,1,C10,56.4,"GoTac Polymerase",EMP.v4.SA503,EMP.v4.SA710,,0,yes,SID2413,11178
LISS,ST002M,ST002M,56.4,RID001390,LISSplate2,B10,1,1,C10,56.4,"GoTac Polymerase",EMP.v4.SA503,EMP.v4.SA710,,0,yes,SID2419,11178
LISS,ST003M,ST003M,30.5,RID001390,LISSplate2,B11,1,1,F10,30.5,"GoTac Polymerase",EMP.v4.SA506,EMP.v4.SA710,,0,yes,SID2413,10771
LISS,ST003M,ST003M,30.5,RID001390,LISSplate2,B11,1,1,F10,30.5,"GoTac Polymerase",EMP.v4.SA506,EMP.v4.SA710,,0,yes,SID2419,10771
LISS,ST004M,ST004M,21.5,RID001390,LISSplate2,B12,1,1,A11,21.5,"GoTac Polymerase",EMP.v4.SA501,EMP.v4.SA711,,0,yes,SID2419,14989
LISS,ST004M,ST004M,21.5,RID001390,LISSplate2,B12,1,1,A11,21.5,"GoTac Polymerase",EMP.v4.SA501,EMP.v4.SA711,,0,yes,SID2413,14989
LISS,ST005M,ST005M,22.7,RID001390,LISSplate2,C01,1,1,D06,22.7,"GoTac Polymerase",EMP.v4.SA504,EMP.v4.SA706,,0,yes,SID2413,12562
LISS,ST006M,ST006M,20.3,RID001390,LISSplate2,C02,2,1,H06,40.6,"GoTac Polymerase",EMP.v4.SA508,EMP.v4.SA706,,0.05,yes,SID2413,39468
LISS,ST007M,ST007M,8.5,RID001390,LISSplate2,C03,4,1,D07,34,"GoTac Polymerase",EMP.v4.SA504,EMP.v4.SA707,,0,yes,SID2413,10141
LISS,ST007M,ST007M,8.5,RID001409,LISSplate2,C03,6,1,B02,51,"GoTaq Polymerase",EMP.v4.SB502,EMP.v4.SB709,,0,yes,SID2421,10141
LISS,ST008M,ST008M,45.1,RID001390,LISSplate2,C04,1,1,H07,45.1,"GoTac Polymerase",EMP.v4.SA508,EMP.v4.SA707,,0.36,yes,SID2413,88997
LISS,ST009M,ST009M,60.2,RID001390,LISSplate2,C05,1,1,D08,60.2,"GoTac Polymerase",EMP.v4.SA504,EMP.v4.SA708,,0.1,yes,SID2413,20564
LISS,ST010M,ST010M,47.5,RID001390,LISSplate2,C06,1,1,H08,47.5,"GoTac Polymerase",EMP.v4.SA508,EMP.v4.SA708,,0,yes,SID2413,12113
LISS,ST010M,ST010M,47.5,RID001390,LISSplate2,C06,1,1,H08,47.5,"GoTac Polymerase",EMP.v4.SA508,EMP.v4.SA708,,0,yes,SID2419,12113
LISS,ST011M,ST011M,52.2,RID001390,LISSplate2,C07,1,1,C09,52.2,"GoTac Polymerase",EMP.v4.SA503,EMP.v4.SA709,,0,yes,SID2413,25326
LISS,ST012M,ST012M,49.1,RID001390,LISSplate2,C08,1,1,F09,49.1,"GoTac Polymerase",EMP.v4.SA506,EMP.v4.SA709,,0,yes,SID2413,12754
LISS,ST012M,ST012M,49.1,RID001390,LISSplate2,C08,1,1,F09,49.1,"GoTac Polymerase",EMP.v4.SA506,EMP.v4.SA709,,0,yes,SID2419,12754
LISS,ST013M,ST013M,31.7,RID001390,LISSplate2,C09,1,1,A10,31.7,"GoTac Polymerase",EMP.v4.SA501,EMP.v4.SA710,,0.21,yes,SID2413,12820
LISS,ST014M,ST014M,43,RID001390,LISSplate2,C10,1,1,D10,43,"GoTac Polymerase",EMP.v4.SA504,EMP.v4.SA710,,0.41,yes,SID2413,57061
LISS,ST015M,ST015M,10.9,RID001390,LISSplate2,C11,3,1,G10,32.7,"GoTac Polymerase",EMP.v4.SA507,EMP.v4.SA710,,0,yes,SID2413,6915
LISS,ST015M,ST015M,10.9,RID001390,LISSplate2,C11,3,1,G10,32.7,"GoTac Polymerase",EMP.v4.SA507,EMP.v4.SA710,,0,yes,SID2419,6915
LISS,ST015M,ST015M,10.9,RID001409,LISSplate2,C11,6,1,C02,65.4,"GoTaq Polymerase",EMP.v4.SB503,EMP.v4.SB709,,0,yes,SID2421,6915
LISS,ST016M,ST016M,9.6,RID001390,LISSplate2,C12,3,1,B11,28.8,"GoTac Polymerase",EMP.v4.SA502,EMP.v4.SA711,,0,yes,SID2419,14156
LISS,ST016M,ST016M,9.6,RID001390,LISSplate2,C12,3,1,B11,28.8,"GoTac Polymerase",EMP.v4.SA502,EMP.v4.SA711,,0,yes,SID2413,14156
LISS,ST017M,ST017M,37.7,RID001390,LISSplate2,D01,1,1,E06,37.7,"GoTac Polymerase",EMP.v4.SA505,EMP.v4.SA706,,0,yes,SID2413,11177
LISS,ST017M,ST017M,37.7,RID001390,LISSplate2,D01,1,1,E06,37.7,"GoTac Polymerase",EMP.v4.SA505,EMP.v4.SA706,,0,yes,SID2419,11177
LISS,ST018M,ST018M,35.6,RID001390,LISSplate2,D02,1,1,A07,35.6,"GoTac Polymerase",EMP.v4.SA501,EMP.v4.SA707,,0,yes,SID2413,13782
LISS,ST019M,ST019M,48.7,RID001390,LISSplate2,D03,1,1,E07,48.7,"GoTac Polymerase",EMP.v4.SA505,EMP.v4.SA707,,0,yes,SID2413,15467
LISS,ST019M,ST019M,48.7,RID001390,LISSplate2,D03,1,1,E07,48.7,"GoTac Polymerase",EMP.v4.SA505,EMP.v4.SA707,,0,yes,SID2419,15467
LISS,ST020M,ST020M,6.1,RID001390,LISSplate2,D04,5,1,A08,30.5,"GoTac Polymerase",EMP.v4.SA501,EMP.v4.SA708,,0,yes,SID2413,13
LISS,ST020M,ST020M,6.1,RID001390,LISSplate2,D04,5,1,A08,30.5,"GoTac Polymerase",EMP.v4.SA501,EMP.v4.SA708,,0,yes,SID2419,13
LISS,ST020M,ST020M,6.1,RID001409,LISSplate2,D04,6,1,D02,36.6,"GoTaq Polymerase",EMP.v4.SB504,EMP.v4.SB709,,0.01,yes,SID2421,13
LISS,WH001M,WH001M,47.9,RID001390,LISSplate1,A01,1,1,A01,47.9,"GoTac Polymerase",EMP.v4.SA501,EMP.v4.SA701,,0,yes,SID2413,47036
LISS,WH002M,WH002M,29.6,RID001390,LISSplate1,A02,1,1,E01,29.6,"GoTac Polymerase",EMP.v4.SA505,EMP.v4.SA701,,0.29,yes,SID2413,107302
LISS,WH003M,WH003M,0.3,RID001390,LISSplate1,A03,6,1,A02,1.8,"GoTac Polymerase",EMP.v4.SA501,EMP.v4.SA702,,0,yes,SID2413,16774
LISS,WH004M,WH004M,35.3,RID001390,LISSplate1,A04,1,1,E02,35.3,"GoTac Polymerase",EMP.v4.SA505,EMP.v4.SA702,,0.18,yes,SID2413,102577
LISS,WH005M,WH005M,51.9,RID001390,LISSplate1,A05,1,1,A03,51.9,"GoTac Polymerase",EMP.v4.SA501,EMP.v4.SA703,,0,yes,SID2413,15436
LISS,WH006M,WH006M,44.1,RID001390,LISSplate1,A06,1,1,E03,44.1,"GoTac Polymerase",EMP.v4.SA505,EMP.v4.SA703,,0,yes,SID2413,22552
LISS,WH007M,WH007M,60.4,RID001390,LISSplate1,A07,1,1,H03,60.4,"GoTac Polymerase",EMP.v4.SA508,EMP.v4.SA703,,0,yes,SID2413,17038
LISS,WH008M,WH008M,13.5,RID001390,LISSplate1,A08,2,1,C04,27,"GoTac Polymerase",EMP.v4.SA503,EMP.v4.SA704,,0.18,yes,SID2413,68000
LISS,WH009M,WH009M,20.2,RID001390,LISSplate1,A09,2,1,F04,40.4,"GoTac Polymerase",EMP.v4.SA506,EMP.v4.SA704,,0,yes,SID2413,9978
LISS,WH009M,WH009M,20.2,RID001390,LISSplate1,A09,2,1,F04,40.4,"GoTac Polymerase",EMP.v4.SA506,EMP.v4.SA704,,0,yes,SID2419,9978
LISS,WH009M,WH009M,20.2,RID001409,LISSplate1,A09,6,1,A01,121.2,"GoTaq Polymerase",EMP.v4.SB501,EMP.v4.SB708,,0.04,yes,SID2421,9978
LISS,WH010M,WH010M,26.3,RID001390,LISSplate1,A10,1,1,A05,26.3,"GoTac Polymerase",EMP.v4.SA501,EMP.v4.SA705,,0.04,yes,SID2413,16188
LISS,WH011M,WH011M,0.2,RID001390,LISSplate1,A11,6,1,D05,1.2,"GoTac Polymerase",EMP.v4.SA504,EMP.v4.SA705,,0,yes,SID2413,26954
LISS,WH012M,WH012M,12.6,RID001390,LISSplate1,A12,2,1,G05,25.2,"GoTac Polymerase",EMP.v4.SA507,EMP.v4.SA705,,0,yes,SID2413,58195
LISS,WH013M,WH013M,43.9,RID001390,LISSplate1,B01,1,1,B01,43.9,"GoTac Polymerase",EMP.v4.SA502,EMP.v4.SA701,,0,yes,SID2413,15249
LISS,WH014M,WH014M,60,RID001390,LISSplate1,B02,1,1,F01,60,"GoTac Polymerase",EMP.v4.SA506,EMP.v4.SA701,,0,yes,SID2413,12452
LISS,WH014M,WH014M,60,RID001390,LISSplate1,B02,1,1,F01,60,"GoTac Polymerase",EMP.v4.SA506,EMP.v4.SA701,,0,yes,SID2419,12452
LISS,WH015M,WH015M,49.6,RID001390,LISSplate1,B03,1,1,B02,49.6,"GoTac Polymerase",EMP.v4.SA502,EMP.v4.SA702,,0.06,yes,SID2413,32925
LISS,WH016M,WH016M,64.8,RID001390,LISSplate1,B04,1,1,F02,64.8,"GoTac Polymerase",EMP.v4.SA506,EMP.v4.SA702,,0,yes,SID2413,10118
LISS,WH016M,WH016M,64.8,RID001409,LISSplate1,B04,6,1,B01,388.8,"GoTaq Polymerase",EMP.v4.SB502,EMP.v4.SB708,,0,yes,SID2421,10118
LISS,WH017M,WH017M,53.7,RID001390,LISSplate1,B05,1,1,B03,53.7,"GoTac Polymerase",EMP.v4.SA502,EMP.v4.SA703,,0.23,yes,SID2413,81705
LISS,WH018M,WH018M,41.5,RID001390,LISSplate1,B06,1,1,F03,41.5,"GoTac Polymerase",EMP.v4.SA506,EMP.v4.SA703,,0,yes,SID2413,34724
LISS,WH019M,WH019M,36.9,RID001390,LISSplate1,B07,1,1,A04,36.9,"GoTac Polymerase",EMP.v4.SA501,EMP.v4.SA704,,0,yes,SID2413,5372
LISS,WH019M,WH019M,36.9,RID001390,LISSplate1,B07,1,1,A04,36.9,"GoTac Polymerase",EMP.v4.SA501,EMP.v4.SA704,,0,yes,SID2419,5372
LISS,WH019M,WH019M,36.9,RID001409,LISSplate1,B07,6,1,C01,221.4,"GoTaq Polymerase",EMP.v4.SB503,EMP.v4.SB708,,0,yes,SID2421,5372
LISS,WH020M,WH020M,42.1,RID001390,LISSplate1,B08,1,1,D04,42.1,"GoTac Polymerase",EMP.v4.SA504,EMP.v4.SA704,,0.41,yes,SID2413,76581
